id;lon;lat;scientificName
129435606;-74.0444;45.4202;Graptemys geographica
129493834;-74.2084;45.4849;Graptemys geographica
129493837;-74.2084;45.4849;Graptemys geographica
129500024;-73.4789;45.4307;Graptemys geographica
129499495;-73.4797;45.4304;Graptemys geographica
159153898;-76.0697;45.5164;Graptemys geographica
160137483;-76.4407;45.5584;Graptemys geographica
156457961;-76.2391;45.5949;Graptemys geographica
156463993;-76.3079;45.5757;Graptemys geographica
156405639;-73.1252;45.0712;Graptemys geographica
156766044;-73.6159;45.4252;Graptemys geographica
156779915;-76.548;45.5818;Graptemys geographica
156818429;-73.5505;45.5049;Graptemys geographica
156879689;-73.4962;45.5584;Graptemys geographica
157401594;-73.1379;45.072;Graptemys geographica
157523976;-73.9459;45.4594;Graptemys geographica
157464776;-76.5629;45.5376;Graptemys geographica
157522146;-73.0573;45.0756;Graptemys geographica
157422785;-76.3906;45.4918;Graptemys geographica
157618741;-75.5072;45.5861;Graptemys geographica
157656359;-76.3514;45.5261;Graptemys geographica
157574779;-76.3911;45.4905;Graptemys geographica
157601717;-76.0944;45.519;Graptemys geographica
157715368;-76.2528;45.5173;Graptemys geographica
157778645;-76.3075;45.5826;Graptemys geographica
157842931;-75.5441;45.5655;Graptemys geographica
157856371;-75.732;45.5953;Graptemys geographica
157857992;-75.7199;45.4518;Graptemys geographica
157798932;-73.0801;45.1996;Graptemys geographica
157995476;-73.9128;45.5945;Graptemys geographica
158010890;-75.7271;45.4506;Graptemys geographica
158169630;-76.3213;45.5645;Graptemys geographica
158196708;-73.1996;45.0162;Graptemys geographica
158356162;-73.9556;45.4044;Graptemys geographica
158324832;-75.4351;45.5601;Graptemys geographica
158538871;-76.0271;45.5685;Graptemys geographica
158579661;-76.2511;45.59;Graptemys geographica
158520946;-76.3879;45.5768;Graptemys geographica
159110621;-76.3419;45.5908;Graptemys geographica
159112029;-75.5125;45.5781;Graptemys geographica
159240944;-75.7626;45.4632;Graptemys geographica
159273282;-73.4763;45.5919;Graptemys geographica
159337871;-76.3456;45.4891;Graptemys geographica
159396093;-73.7763;45.517;Graptemys geographica
159402802;-76.3892;45.5854;Graptemys geographica
159405296;-76.2708;45.4985;Graptemys geographica
159412883;-75.7946;45.3795;Graptemys geographica
159420284;-73.946;45.4594;Graptemys geographica
159428049;-73.7473;45.5227;Graptemys geographica
159429091;-73.9559;45.4044;Graptemys geographica
159430871;-75.7541;45.5097;Graptemys geographica
159431435;-75.5982;45.4901;Graptemys geographica
159442016;-73.9449;45.4577;Graptemys geographica
159448570;-73.0841;45.0376;Graptemys geographica
159294358;-73.6349;45.6911;Graptemys geographica
159543738;-76.2092;45.5757;Graptemys geographica
159554592;-76.0334;45.5289;Graptemys geographica
159566442;-75.5729;45.5453;Graptemys geographica
159676314;-75.4742;45.5824;Graptemys geographica
159698077;-73.9567;45.405;Graptemys geographica
159720482;-76.3861;45.5134;Graptemys geographica
159747490;-74.1293;45.2597;Graptemys geographica
159783230;-76.33;45.4724;Graptemys geographica
159789708;-75.4581;45.5213;Graptemys geographica
159804104;-73.8494;45.6802;Graptemys geographica
159811445;-76.336;45.4664;Graptemys geographica
159824073;-76.9251;45.9153;Graptemys geographica
160031825;-75.7376;45.4601;Graptemys geographica
160694132;-75.4487;45.5882;Graptemys geographica
157519300;-76.2047;45.4659;Graptemys geographica
157537463;-76.027;44.5331;Graptemys geographica
157418842;-74.772;40.2135;Graptemys geographica
157422763;-83.0204;42.3393;Graptemys geographica
157426515;-76.0067;44.9485;Graptemys geographica
157619335;-81.9726;42.7532;Graptemys geographica
157622897;-83.019;39.8455;Graptemys geographica
157691458;-85.5738;35.0943;Graptemys geographica
157543598;-76.262;45.3225;Graptemys geographica
157697783;-85.6756;42.9747;Graptemys geographica
157703830;-76.5037;44.2507;Graptemys geographica
157541042;-76.3949;44.7825;Graptemys geographica
157542424;-85.4001;42.4034;Graptemys geographica
157286462;-75.5066;45.4817;Graptemys geographica
157547814;-76.5286;44.2171;Graptemys geographica
157553418;-80.3095;43.0702;Graptemys geographica
157557746;-76.7445;44.7393;Graptemys geographica
157560813;-85.8984;39.9471;Graptemys geographica
157564715;-83.5618;35.7965;Graptemys geographica
157588973;-77.9075;44.2156;Graptemys geographica
157606682;-78.2053;44.2554;Graptemys geographica
157715146;-82.3444;42.5001;Graptemys geographica
157720262;-83.9152;42.3739;Graptemys geographica
157732469;-78.1076;44.505;Graptemys geographica
157735360;-79.8103;43.3625;Graptemys geographica
157768072;-79.8098;43.3501;Graptemys geographica
157784334;-82.9636;40.2592;Graptemys geographica
157658830;-83.0328;40.0809;Graptemys geographica
157805428;-76.2225;44.641;Graptemys geographica
157832098;-79.2684;44.9101;Graptemys geographica
157836473;-76.3251;45.4422;Graptemys geographica
157840935;-76.5137;44.457;Graptemys geographica
157851339;-76.2683;45.4463;Graptemys geographica
157858229;-81.0773;43.1011;Graptemys geographica
157798500;-76.3464;44.5458;Graptemys geographica
157798548;-75.5927;45.4202;Graptemys geographica
158007922;-76.2691;44.5055;Graptemys geographica
158014684;-83.9575;41.0135;Graptemys geographica
158025845;-78.3066;44.5151;Graptemys geographica
158159883;-83.1105;40.0935;Graptemys geographica
158196776;-76.0981;44.4282;Graptemys geographica
158198597;-76.6436;40.063;Graptemys geographica
158206912;-73.2653;44.8512;Graptemys geographica
158224948;-81.841;42.344;Graptemys geographica
158376043;-80.0945;42.1583;Graptemys geographica
158129212;-81.8166;42.7039;Graptemys geographica
158334033;-78.2765;44.2686;Graptemys geographica
158338931;-80.3894;43.1712;Graptemys geographica
158349443;-76.2418;45.3814;Graptemys geographica
158365378;-81.9912;42.3852;Graptemys geographica
158313632;-85.1091;42.2374;Graptemys geographica
158590042;-83.9014;42.3344;Graptemys geographica
158532840;-85.9341;41.6906;Graptemys geographica
158549306;-77.1347;44.1121;Graptemys geographica
158577641;-81.5448;39.3554;Graptemys geographica
158646891;-82.3399;42.3662;Graptemys geographica
158521535;-83.3517;41.6841;Graptemys geographica
158561500;-83.6926;42.2761;Graptemys geographica
159109231;-85.6752;42.9672;Graptemys geographica
159111546;-80.1308;42.043;Graptemys geographica
159149315;-80.3239;43.1258;Graptemys geographica
159151879;-79.9627;42.1903;Graptemys geographica
159157486;-76.0875;44.2763;Graptemys geographica
159166238;-76.14;44.3834;Graptemys geographica
159243233;-76.1552;44.3578;Graptemys geographica
159254983;-84.6858;39.293;Graptemys geographica
159278970;-78.2801;44.3167;Graptemys geographica
159108339;-79.9513;43.3203;Graptemys geographica
159314176;-83.9152;42.3739;Graptemys geographica
159321922;-85.4003;42.4031;Graptemys geographica
159325730;-80.3;43.4712;Graptemys geographica
159329704;-78.2339;44.3469;Graptemys geographica
159335701;-76.0847;44.8327;Graptemys geographica
159346054;-85.0261;42.3963;Graptemys geographica
159400824;-79.9167;43.3994;Graptemys geographica
159407988;-76.4617;44.2668;Graptemys geographica
159417265;-79.7783;45.3696;Graptemys geographica
159421616;-76.0396;44.2127;Graptemys geographica
159436672;-78.3526;44.2278;Graptemys geographica
159439276;-83.2212;39.9127;Graptemys geographica
159444202;-85.4616;42.9424;Graptemys geographica
159450851;-77.3979;40.5517;Graptemys geographica
159296245;-79.9129;43.2259;Graptemys geographica
159302595;-77.8133;44.3259;Graptemys geographica
159462736;-81.4145;41.2144;Graptemys geographica
159512344;-76.7175;40.1266;Graptemys geographica
159516408;-81.9389;42.3923;Graptemys geographica
159528172;-75.7543;44.5738;Graptemys geographica
159567539;-83.4763;42.8333;Graptemys geographica
159580476;-84.3018;38.3414;Graptemys geographica
159583003;-77.5848;45.7292;Graptemys geographica
159587007;-79.9046;43.2517;Graptemys geographica
159487051;-75.5302;45.4148;Graptemys geographica
159493108;-79.1143;44.4673;Graptemys geographica
159502805;-76.5692;44.3565;Graptemys geographica
159642842;-77.5375;44.262;Graptemys geographica
159516828;-76.5218;44.4381;Graptemys geographica
159630221;-74.8013;40.5167;Graptemys geographica
159768344;-76.518;45.2428;Graptemys geographica
159672409;-85.0668;42.3658;Graptemys geographica
159674790;-76.0203;44.4109;Graptemys geographica
159678839;-75.9014;44.507;Graptemys geographica
159687414;-76.2488;44.8702;Graptemys geographica
159709845;-84.3092;42.0959;Graptemys geographica
159713617;-83.0199;40.0223;Graptemys geographica
159716182;-79.8637;43.2779;Graptemys geographica
159723812;-85.1221;42.3861;Graptemys geographica
159740234;-76.3094;44.4114;Graptemys geographica
159743994;-79.3614;43.1037;Graptemys geographica
159779619;-81.397;42.9403;Graptemys geographica
159784241;-78.3384;44.2645;Graptemys geographica
159787501;-76.5935;44.4804;Graptemys geographica
159791823;-76.4653;44.4381;Graptemys geographica
159800525;-83.2796;42.0821;Graptemys geographica
159814905;-82.1232;41.4611;Graptemys geographica
159823233;-83.7487;42.3025;Graptemys geographica
159829956;-79.9585;45.1152;Graptemys geographica
159758437;-76.7156;40.2009;Graptemys geographica
159761199;-76.1629;44.8238;Graptemys geographica
159948952;-84.6362;42.7606;Graptemys geographica
159954328;-76.392;44.2057;Graptemys geographica
159967742;-76.1355;44.5606;Graptemys geographica
159854155;-76.4509;44.7696;Graptemys geographica
159857087;-76.3052;44.5581;Graptemys geographica
160040332;-83.2676;41.1974;Graptemys geographica
160086187;-77.9531;44.2204;Graptemys geographica
159977101;-76.4302;44.3527;Graptemys geographica
160014435;-84.1105;39.4256;Graptemys geographica
160110324;-83.9873;42.4345;Graptemys geographica
160134125;-81.8519;36.9417;Graptemys geographica
160137755;-73.3203;44.5322;Graptemys geographica
160103628;-85.2992;40.165;Graptemys geographica
160710247;-76.3846;44.771;Graptemys geographica
156447505;-83.8991;39.7664;Graptemys geographica
156767060;-76.2263;44.4376;Graptemys geographica
156799275;-85.124;42.2937;Graptemys geographica
156735678;-84.8257;38.3219;Graptemys geographica
156869538;-79.8682;42.901;Graptemys geographica
156909327;-77.4266;45.7759;Graptemys geographica
157482601;-84.0517;40.7548;Graptemys geographica
157531916;-76.0526;44.6771;Graptemys geographica
157863833;-77.8898;44.3273;Graptemys geographica
158126894;-83.9151;42.3845;Graptemys geographica
158553334;-79.9097;43.2732;Graptemys geographica
159161401;-84.7103;42.1979;Graptemys geographica
159405163;-75.8533;44.4784;Graptemys geographica
159539262;-76.244;44.4819;Graptemys geographica
159525123;-79.8474;43.2782;Graptemys geographica
159775042;-85.4008;42.4037;Graptemys geographica
159716841;-83.1629;41.6155;Graptemys geographica
159748341;-80.2055;43.1863;Graptemys geographica
159758405;-82.3465;42.2375;Graptemys geographica
159837532;-73.014;44.8122;Graptemys geographica
160026329;-76.2909;45.2411;Graptemys geographica
157494541;-83.2096;41.6186;Graptemys geographica
156374284;-73.2689;44.5409;Graptemys geographica
156424929;-81.1478;41.5958;Graptemys geographica
156438475;-76.3081;44.4232;Graptemys geographica
156448360;-73.4657;43.5678;Graptemys geographica
156451249;-84.1989;39.1836;Graptemys geographica
156457339;-81.4176;41.2129;Graptemys geographica
156367420;-79.7837;44.9026;Graptemys geographica
156369751;-80.0585;45.3228;Graptemys geographica
156376849;-76.149;45.2734;Graptemys geographica
156387480;-84.2025;39.7298;Graptemys geographica
156389532;-80.1149;42.1586;Graptemys geographica
156406955;-76.2036;44.7878;Graptemys geographica
156412154;-84.3016;38.3421;Graptemys geographica
156756363;-76.0643;42.0053;Graptemys geographica
156761765;-76.3562;43.4428;Graptemys geographica
156772632;-82.4959;42.0339;Graptemys geographica
156786568;-82.4958;40.3855;Graptemys geographica
156358094;-76.2858;44.7111;Graptemys geographica
156720738;-75.498;45.4951;Graptemys geographica
156748216;-83.0547;42.1629;Graptemys geographica
156871818;-79.8677;43.2073;Graptemys geographica
156908478;-81.8471;42.3647;Graptemys geographica
156816674;-76.2822;44.998;Graptemys geographica
156879506;-79.951;45.1678;Graptemys geographica
157279858;-81.4176;41.2129;Graptemys geographica
157526584;-83.606;42.2259;Graptemys geographica
157473989;-77.366;44.467;Graptemys geographica
157475506;-79.3618;44.6661;Graptemys geographica
157505729;-75.4469;45.4568;Graptemys geographica
157513478;-76.957;40.2484;Graptemys geographica
157629492;-74.7798;40.2197;Graptemys geographica
157415793;-85.0078;42.347;Graptemys geographica
157420132;-85.5263;35.1111;Graptemys geographica
157423645;-75.8882;45.3595;Graptemys geographica
157425952;-76.5473;44.7856;Graptemys geographica
157611634;-85.3888;42.3707;Graptemys geographica
157621330;-80.3211;43.172;Graptemys geographica
157686161;-80.0179;45.3075;Graptemys geographica
157691894;-81.3952;43.0554;Graptemys geographica
157694744;-81.5305;42.8771;Graptemys geographica
157702457;-76.2123;44.4548;Graptemys geographica
157655257;-82.9425;39.9515;Graptemys geographica
157572906;-81.3838;42.801;Graptemys geographica
157588686;-77.5828;44.3172;Graptemys geographica
157600611;-85.3998;42.405;Graptemys geographica
157600832;-81.7654;36.9233;Graptemys geographica
157608937;-78.0116;44.4301;Graptemys geographica
157611470;-83.2096;41.6186;Graptemys geographica
157718221;-85.4004;42.405;Graptemys geographica
157722565;-84.7447;40.1467;Graptemys geographica
157735071;-80.2369;43.0591;Graptemys geographica
157736840;-75.9101;44.4134;Graptemys geographica
157791100;-76.5636;44.3397;Graptemys geographica
157666275;-85.4031;42.4052;Graptemys geographica
157672398;-79.8753;43.2152;Graptemys geographica
157807176;-81.364;43.0856;Graptemys geographica
157838165;-77.8131;44.2541;Graptemys geographica
157848299;-76.0988;44.3808;Graptemys geographica
157853838;-76.2578;44.5366;Graptemys geographica
157942189;-80.1151;42.1588;Graptemys geographica
157797422;-79.8275;43.3252;Graptemys geographica
157996703;-79.9091;43.2213;Graptemys geographica
158018862;-79.8404;45.0655;Graptemys geographica
158152066;-83.7027;42.2771;Graptemys geographica
158168450;-83.908;42.4048;Graptemys geographica
158202640;-78.321;44.2175;Graptemys geographica
158204223;-81.2729;42.8544;Graptemys geographica
158212278;-85.7087;36.0294;Graptemys geographica
158229592;-76.1532;44.8843;Graptemys geographica
158377267;-75.967;45.3768;Graptemys geographica
158141697;-85.6004;43.1712;Graptemys geographica
158339447;-76.0705;44.3409;Graptemys geographica
158354672;-85.8171;37.288;Graptemys geographica
158362305;-79.932;44.6056;Graptemys geographica
158234845;-79.8015;44.9774;Graptemys geographica
158516230;-83.3912;40.2517;Graptemys geographica
158311583;-85.18;42.2187;Graptemys geographica
158316957;-78.1255;44.5963;Graptemys geographica
158590074;-76.2707;45.2208;Graptemys geographica
158580287;-81.8747;43.1457;Graptemys geographica
158568244;-85.3992;42.4038;Graptemys geographica
159118854;-75.0622;40.5141;Graptemys geographica
159148410;-76.2394;44.2674;Graptemys geographica
159155452;-78.0633;44.4477;Graptemys geographica
159241391;-76.0373;44.3925;Graptemys geographica
159245799;-76.0389;44.3977;Graptemys geographica
159258357;-75.8841;44.351;Graptemys geographica
159274262;-85.5735;35.0947;Graptemys geographica
159312668;-76.4823;44.3273;Graptemys geographica
159325216;-80.3191;43.032;Graptemys geographica
159333650;-76.2045;44.7655;Graptemys geographica
159339482;-83.0313;40.0818;Graptemys geographica
159343960;-76.0097;44.8477;Graptemys geographica
159397005;-76.2709;44.9505;Graptemys geographica
159407080;-78.2634;44.3934;Graptemys geographica
159438068;-76.5457;44.6419;Graptemys geographica
159444333;-76.2058;44.6001;Graptemys geographica
159295068;-79.8636;43.3607;Graptemys geographica
159459472;-75.4409;45.4644;Graptemys geographica
159465339;-84.7916;36.4116;Graptemys geographica
159515700;-79.8649;45.0071;Graptemys geographica
159537352;-78.2781;44.4376;Graptemys geographica
159567711;-83.8547;35.7649;Graptemys geographica
159491755;-76.3588;45.3308;Graptemys geographica
159641277;-85.3279;42.5224;Graptemys geographica
159643869;-81.3368;43.1036;Graptemys geographica
159635053;-76.3166;44.9724;Graptemys geographica
159670365;-81.9925;42.3775;Graptemys geographica
159686701;-84.6806;41.6987;Graptemys geographica
159700817;-75.6552;40.2481;Graptemys geographica
159710409;-81.9454;42.3398;Graptemys geographica
159723240;-79.9869;43.3179;Graptemys geographica
159731219;-85.4006;42.4038;Graptemys geographica
159741149;-84.5923;42.5988;Graptemys geographica
159624971;-81.7759;36.8866;Graptemys geographica
159798059;-85.4031;42.4052;Graptemys geographica
159800877;-76.2584;44.76;Graptemys geographica
159806822;-79.9434;43.3407;Graptemys geographica
159814421;-77.4985;44.2541;Graptemys geographica
159817288;-81.8742;42.3734;Graptemys geographica
159827030;-76.6506;44.7847;Graptemys geographica
159758247;-84.8455;38.0684;Graptemys geographica
159951659;-77.4419;45.7609;Graptemys geographica
159961968;-81.3217;42.9641;Graptemys geographica
159848447;-73.2518;44.4614;Graptemys geographica
159859527;-73.3022;44.2793;Graptemys geographica
160037792;-84.7861;43.5984;Graptemys geographica
160070993;-83.2583;40.0009;Graptemys geographica
160080525;-73.2847;43.5648;Graptemys geographica
159999936;-85.1376;42.2074;Graptemys geographica
160015424;-81.9127;42.3478;Graptemys geographica
159840930;-83.2405;42.3246;Graptemys geographica
160128196;-85.7621;44.615;Graptemys geographica
160136907;-78.1384;44.577;Graptemys geographica
160690640;-81.8846;41.4097;Graptemys geographica
156376598;-82.5603;42.3041;Graptemys geographica
156414286;-81.2936;42.8733;Graptemys geographica
156735951;-85.338;42.5283;Graptemys geographica
156748780;-85.8155;38.9408;Graptemys geographica
157448746;-85.8621;44.2836;Graptemys geographica
157478399;-79.7818;45.3847;Graptemys geographica
157496701;-79.9925;43.3193;Graptemys geographica
157699665;-78.0404;44.5077;Graptemys geographica
157769987;-79.9597;43.3798;Graptemys geographica
157944397;-76.3785;44.2807;Graptemys geographica
158197377;-82.9744;40.6175;Graptemys geographica
157987213;-76.1052;44.3438;Graptemys geographica
158344939;-76.3194;44.7818;Graptemys geographica
159118210;-84.5183;42.7182;Graptemys geographica
159386575;-83.6072;42.2262;Graptemys geographica
159565518;-81.81;42.7677;Graptemys geographica
159665248;-76.4136;44.4014;Graptemys geographica
159800292;-79.9154;43.2196;Graptemys geographica
160082488;-76.5688;44.3687;Graptemys geographica
156436764;-81.9537;42.3121;Graptemys geographica
156450040;-85.1657;42.298;Graptemys geographica
156450515;-74.95;40.3646;Graptemys geographica
156453572;-73.2569;44.333;Graptemys geographica
156459784;-85.6927;38.2398;Graptemys geographica
156466065;-83.019;40.0217;Graptemys geographica
156468509;-80.0944;42.1587;Graptemys geographica
156470552;-73.3305;43.7453;Graptemys geographica
156368230;-80.362;45.4786;Graptemys geographica
156376735;-74.9619;40.394;Graptemys geographica
156389566;-79.8411;43.3514;Graptemys geographica
156391829;-82.5966;36.7972;Graptemys geographica
156400976;-82.4244;36.9484;Graptemys geographica
156409449;-79.9816;44.6505;Graptemys geographica
156412861;-81.8986;42.3995;Graptemys geographica
156414695;-84.6929;39.2912;Graptemys geographica
156419388;-85.4031;42.4053;Graptemys geographica
156751639;-79.9686;43.3634;Graptemys geographica
156761743;-85.4051;42.4046;Graptemys geographica
156769780;-75.4372;45.5175;Graptemys geographica
156774999;-80.0902;42.1599;Graptemys geographica
156786871;-83.0125;39.948;Graptemys geographica
156803623;-76.6501;43.2658;Graptemys geographica
156353248;-85.4004;42.4033;Graptemys geographica
156361015;-84.4204;39.0856;Graptemys geographica
156868123;-81.9067;42.3289;Graptemys geographica
156872341;-84.4919;39.0489;Graptemys geographica
156910039;-76.3336;44.5296;Graptemys geographica
156811387;-77.8121;40.3653;Graptemys geographica
156879030;-83.1629;41.6155;Graptemys geographica
156881025;-82.9886;40.8032;Graptemys geographica
157281797;-73.3979;44.2367;Graptemys geographica
157401515;-76.2584;44.4736;Graptemys geographica
157403258;-76.1794;44.5698;Graptemys geographica
157527346;-74.9601;40.3898;Graptemys geographica
157460462;-76.1705;44.508;Graptemys geographica
157473519;-84.5908;38.2158;Graptemys geographica
157474078;-76.2237;44.5515;Graptemys geographica
157481408;-80.3607;43.0933;Graptemys geographica
157481519;-81.948;42.3405;Graptemys geographica
157499241;-73.2807;44.3212;Graptemys geographica
157515837;-85.4041;42.4062;Graptemys geographica
157626429;-79.6391;44.9966;Graptemys geographica
157629695;-76.3231;44.7889;Graptemys geographica
157534749;-76.1286;44.5036;Graptemys geographica
157411601;-76.4466;45.4259;Graptemys geographica
157419964;-80.3016;43.5145;Graptemys geographica
157422009;-76.3243;45.4076;Graptemys geographica
157680702;-77.2862;44.0439;Graptemys geographica
157693103;-76.3194;44.7774;Graptemys geographica
157543591;-79.7063;45.0872;Graptemys geographica
157644471;-75.5687;45.4461;Graptemys geographica
157541968;-76.1545;44.5113;Graptemys geographica
157284765;-78.3914;44.3191;Graptemys geographica
157287809;-85.338;42.5283;Graptemys geographica
157563774;-83.5567;40.846;Graptemys geographica
157566110;-76.5034;45.3855;Graptemys geographica
157567381;-83.8624;42.3295;Graptemys geographica
157581856;-77.2098;44.1807;Graptemys geographica
157597867;-84.2604;39.2902;Graptemys geographica
157603453;-76.0218;44.2953;Graptemys geographica
157607220;-83.188;39.8484;Graptemys geographica
157608214;-75.9228;44.4013;Graptemys geographica
157718381;-83.1836;41.6155;Graptemys geographica
157720815;-76.5712;45.3837;Graptemys geographica
157733554;-84.7812;43.6085;Graptemys geographica
157762356;-83.915;42.3847;Graptemys geographica
157775130;-76.3354;44.6512;Graptemys geographica
157788008;-79.8332;43.3336;Graptemys geographica
157665660;-76.4629;44.5634;Graptemys geographica
157668403;-79.952;43.2099;Graptemys geographica
157832032;-79.858;43.3696;Graptemys geographica
157707160;-78.1989;44.4225;Graptemys geographica
157860532;-79.8478;44.9639;Graptemys geographica
157958612;-81.3955;42.8179;Graptemys geographica
157793809;-76.3302;44.5683;Graptemys geographica
157803057;-76.5772;44.2711;Graptemys geographica
157993810;-75.5895;45.4658;Graptemys geographica
158009704;-76.5708;44.3714;Graptemys geographica
158016387;-76.347;45.4142;Graptemys geographica
158027286;-81.8951;42.3148;Graptemys geographica
157862747;-83.9032;42.3667;Graptemys geographica
158156301;-81.8799;36.9609;Graptemys geographica
158171358;-81.8785;42.3219;Graptemys geographica
157981323;-73.2004;44.0642;Graptemys geographica
158227168;-85.4001;42.4036;Graptemys geographica
158135002;-81.8373;37.0725;Graptemys geographica
158135102;-84.2606;42.3366;Graptemys geographica
158141563;-79.0353;44.4169;Graptemys geographica
158338487;-85.462;42.7131;Graptemys geographica
158351144;-83.9993;42.435;Graptemys geographica
158355938;-83.8577;37.713;Graptemys geographica
158242271;-76.4775;44.5958;Graptemys geographica
158323869;-82.5953;42.245;Graptemys geographica
158587637;-76.1823;45.3702;Graptemys geographica
158592861;-76.4306;44.441;Graptemys geographica
158531214;-76.9905;40.5675;Graptemys geographica
158540014;-76.255;44.7924;Graptemys geographica
158554463;-85.4;42.4035;Graptemys geographica
159111043;-82.5564;42.1427;Graptemys geographica
159118745;-76.3375;44.5509;Graptemys geographica
159123426;-73.3173;44.719;Graptemys geographica
159136907;-76.1735;44.5494;Graptemys geographica
159148687;-81.416;41.2143;Graptemys geographica
159158458;-73.2845;43.6683;Graptemys geographica
159169151;-76.1071;45.4767;Graptemys geographica
159242430;-79.5612;43.6232;Graptemys geographica
159245359;-85.5163;42.8764;Graptemys geographica
159266743;-82.3535;36.3134;Graptemys geographica
159276392;-85.4041;42.4062;Graptemys geographica
159276721;-73.3319;44.0532;Graptemys geographica
159281552;-76.0746;44.4077;Graptemys geographica
159318167;-84.3887;39.288;Graptemys geographica
159326844;-83.7925;38.9383;Graptemys geographica
159336388;-74.95;40.3646;Graptemys geographica
159388954;-75.5591;45.4698;Graptemys geographica
159413166;-81.9716;42.2836;Graptemys geographica
159421609;-76.4643;43.4743;Graptemys geographica
159429684;-79.7091;44.9824;Graptemys geographica
159433012;-73.4453;43.1985;Graptemys geographica
159450602;-75.5274;45.4536;Graptemys geographica
159299694;-75.9558;45.3894;Graptemys geographica
159512993;-76.2259;44.4675;Graptemys geographica
159532391;-76.4884;44.326;Graptemys geographica
159546423;-79.8549;43.3652;Graptemys geographica
159565585;-76.0624;44.4575;Graptemys geographica
159571771;-84.8424;43.5824;Graptemys geographica
159491760;-83.3734;42.1368;Graptemys geographica
159498163;-84.0258;43.3622;Graptemys geographica
159506048;-84.7812;43.6085;Graptemys geographica
159647071;-82.9263;42.2401;Graptemys geographica
159523950;-77.5031;44.2198;Graptemys geographica
159769678;-84.1674;39.8701;Graptemys geographica
159777054;-79.9592;43.3911;Graptemys geographica
159674587;-83.0645;40.2283;Graptemys geographica
159686291;-75.5306;45.4525;Graptemys geographica
159699914;-83.0236;40.025;Graptemys geographica
159708445;-84.4384;37.1514;Graptemys geographica
159725032;-76.5196;44.7326;Graptemys geographica
159735162;-83.354;41.908;Graptemys geographica
159740607;-76.0625;44.4114;Graptemys geographica
159785893;-85.3245;42.9657;Graptemys geographica
159790633;-76.4378;44.7336;Graptemys geographica
159797985;-75.6163;45.3739;Graptemys geographica
159826675;-76.5867;44.5843;Graptemys geographica
159830861;-81.21;42.8473;Graptemys geographica
159759472;-85.516;42.6769;Graptemys geographica
159953836;-76.0439;44.2608;Graptemys geographica
159960044;-85.4002;42.4034;Graptemys geographica
159967738;-75.8659;45.283;Graptemys geographica
159855070;-79.6996;44.9517;Graptemys geographica
159869499;-85.8621;44.2836;Graptemys geographica
160079200;-75.8579;44.3608;Graptemys geographica
160090659;-76.2032;44.7889;Graptemys geographica
160013989;-77.9561;44.2254;Graptemys geographica
160125413;-79.6606;44.9079;Graptemys geographica
160135434;-83.5981;39.8798;Graptemys geographica
160102799;-82.5198;36.804;Graptemys geographica
160701885;-76.4567;44.4903;Graptemys geographica
156440615;-76.5982;44.4381;Graptemys geographica
156380194;-75.7679;44.4918;Graptemys geographica
156722376;-83.0194;40.0217;Graptemys geographica
156716924;-81.2487;42.9525;Graptemys geographica
157472831;-79.9202;43.3543;Graptemys geographica
157513739;-74.9785;40.4036;Graptemys geographica
157697322;-81.3311;42.8204;Graptemys geographica
157856451;-85.4299;42.4045;Graptemys geographica
158023347;-75.6317;45.2282;Graptemys geographica
158167795;-76.0345;44.2325;Graptemys geographica
158125808;-81.9582;42.3287;Graptemys geographica
159150183;-74.7784;40.2176;Graptemys geographica
159245194;-83.1117;41.337;Graptemys geographica
159312891;-85.4986;42.9106;Graptemys geographica
159574742;-76.15;45.48;Graptemys geographica
159628474;-83.0214;40.0061;Graptemys geographica
159141900;-76.3808;45.4907;Graptemys geographica
160023290;-73.48;45.4308;Graptemys geographica
129431896;-73.6833;45.686;Graptemys geographica
129432102;-73.1042;46.0483;Graptemys geographica
129445616;-76.3907;45.4903;Graptemys geographica
129515631;-76.2427;45.4957;Graptemys geographica
156427145;-82.2349;36.5723;Graptemys geographica
156444040;-83.9155;42.3809;Graptemys geographica
156450241;-85.7533;38.037;Graptemys geographica
156464720;-83.7001;42.2753;Graptemys geographica
156464750;-84.4805;42.7282;Graptemys geographica
156475544;-78.3779;44.2865;Graptemys geographica
156376137;-76.11;44.2338;Graptemys geographica
156379101;-76.7367;44.6666;Graptemys geographica
156391074;-76.0116;44.5302;Graptemys geographica
156401623;-75.4404;45.4736;Graptemys geographica
156412326;-77.4094;44.2053;Graptemys geographica
156769175;-73.3392;44.8896;Graptemys geographica
156784329;-81.9304;42.3725;Graptemys geographica
156803970;-79.7892;44.6701;Graptemys geographica
156357039;-74.7719;40.2134;Graptemys geographica
156723304;-76.0649;44.3273;Graptemys geographica
156727011;-82.1541;41.4551;Graptemys geographica
156744627;-76.2499;45.4462;Graptemys geographica
156866802;-85.0253;44.0685;Graptemys geographica
156872490;-81.8787;42.7425;Graptemys geographica
156911806;-84.7812;43.6085;Graptemys geographica
156812848;-75.4277;45.4314;Graptemys geographica
156817776;-83.7024;42.2769;Graptemys geographica
157291239;-78.8854;42.9329;Graptemys geographica
157403564;-76.274;44.9135;Graptemys geographica
157447741;-85.4015;42.4041;Graptemys geographica
157451048;-75.7584;44.5091;Graptemys geographica
157468404;-82.3251;40.6216;Graptemys geographica
157472002;-84.9544;36.5277;Graptemys geographica
157474902;-74.9856;40.0346;Graptemys geographica
157482162;-76.7792;44.5444;Graptemys geographica
157491285;-85.9532;42.5641;Graptemys geographica
157503585;-83.8301;35.4922;Graptemys geographica
157506923;-83.8944;42.3562;Graptemys geographica
157512851;-81.3838;42.9911;Graptemys geographica
157522758;-80.4272;42.6835;Graptemys geographica
157640798;-85.5618;42.1704;Graptemys geographica
157536923;-84.7812;43.6085;Graptemys geographica
157415362;-83.0864;36.6082;Graptemys geographica
157424774;-76.2052;44.5177;Graptemys geographica
157614993;-83.0662;42.13;Graptemys geographica
157624956;-84.7812;43.6085;Graptemys geographica
157682680;-82.5249;36.5476;Graptemys geographica
157682781;-76.1895;44.5844;Graptemys geographica
157543898;-81.2469;42.9092;Graptemys geographica
157701321;-83.8471;41.5422;Graptemys geographica
157643904;-76.836;40.7305;Graptemys geographica
157648766;-84.0035;43.3444;Graptemys geographica
157541492;-83.1898;42.9269;Graptemys geographica
157541594;-75.9847;44.5643;Graptemys geographica
157547537;-81.8601;42.3246;Graptemys geographica
157548828;-85.3999;42.4035;Graptemys geographica
157556298;-81.4175;41.213;Graptemys geographica
157563178;-76.2993;45.4217;Graptemys geographica
157568142;-81.3878;42.8214;Graptemys geographica
157576318;-83.9977;43.3662;Graptemys geographica
157594060;-79.0007;45.0387;Graptemys geographica
157604793;-76.221;44.3016;Graptemys geographica
157607929;-84.3646;42.706;Graptemys geographica
157712239;-76.62;44.6972;Graptemys geographica
157717482;-76.0907;44.2419;Graptemys geographica
157724700;-84.5712;38.2137;Graptemys geographica
157731982;-83.1923;42.0737;Graptemys geographica
157784014;-81.3562;42.8587;Graptemys geographica
157788563;-85.8514;42.5271;Graptemys geographica
157669429;-81.8846;41.4096;Graptemys geographica
157834426;-85.4002;42.4034;Graptemys geographica
157842333;-77.1193;44.983;Graptemys geographica
157850311;-79.8661;43.3312;Graptemys geographica
157940798;-77.2784;44.2008;Graptemys geographica
157957298;-75.0662;40.427;Graptemys geographica
157795646;-81.8328;42.3999;Graptemys geographica
158030952;-83.6802;42.2473;Graptemys geographica
158155267;-85.8217;38.9408;Graptemys geographica
158197573;-76.3747;44.7444;Graptemys geographica
158212223;-73.6531;42.6232;Graptemys geographica
158228130;-81.3951;42.9689;Graptemys geographica
158125867;-82.5221;42.0637;Graptemys geographica
158139243;-76.4658;44.4019;Graptemys geographica
158144164;-80.0768;45.2066;Graptemys geographica
158335107;-77.453;44.3194;Graptemys geographica
158348542;-76.0855;39.5661;Graptemys geographica
158354565;-83.1272;42.4436;Graptemys geographica
158361624;-76.3454;45.4522;Graptemys geographica
158514533;-83.5694;35.8383;Graptemys geographica
158324839;-76.0275;44.3186;Graptemys geographica
158591383;-83.0108;42.3647;Graptemys geographica
158544228;-85.7232;42.9396;Graptemys geographica
158551839;-84.8467;43.5799;Graptemys geographica
158648185;-83.252;39.9933;Graptemys geographica
158563918;-81.2797;42.8168;Graptemys geographica
159115027;-85.6171;38.0153;Graptemys geographica
159141561;-76.3694;45.4035;Graptemys geographica
159151952;-83.2113;42.0388;Graptemys geographica
159166379;-76.1125;44.2877;Graptemys geographica
159244887;-83.1496;39.951;Graptemys geographica
159249413;-82.2151;41.1364;Graptemys geographica
159276097;-76.2183;45.4901;Graptemys geographica
159280865;-76.4784;44.4896;Graptemys geographica
159280924;-85.5297;38.1323;Graptemys geographica
159284175;-81.4176;41.2129;Graptemys geographica
159313217;-79.7716;44.8254;Graptemys geographica
159321530;-79.2187;44.8759;Graptemys geographica
159322553;-79.9971;43.2932;Graptemys geographica
159328774;-76.5382;44.5837;Graptemys geographica
159339343;-80.5505;42.7849;Graptemys geographica
159399492;-85.4722;38.2064;Graptemys geographica
159412981;-80.0945;42.1589;Graptemys geographica
159414219;-81.2673;43.1401;Graptemys geographica
159418932;-83.8624;42.3295;Graptemys geographica
159419655;-81.2562;42.9186;Graptemys geographica
159429993;-83.6056;42.2183;Graptemys geographica
159292622;-79.5454;43.6083;Graptemys geographica
159459808;-76.1551;45.3724;Graptemys geographica
159513528;-81.465;42.8115;Graptemys geographica
159525669;-85.1759;42.2143;Graptemys geographica
159545301;-77.4076;44.1636;Graptemys geographica
159553309;-85.5949;42.9481;Graptemys geographica
159591507;-73.7594;43.5647;Graptemys geographica
159495137;-83.8621;42.3297;Graptemys geographica
159504359;-80.5158;42.7864;Graptemys geographica
159656680;-76.1141;44.3424;Graptemys geographica
159767386;-83.6962;42.2738;Graptemys geographica
159772116;-81.9218;42.3868;Graptemys geographica
159773278;-79.838;43.2066;Graptemys geographica
159664505;-74.9601;40.3898;Graptemys geographica
159676431;-76.955;44.3066;Graptemys geographica
159679786;-85.4017;42.404;Graptemys geographica
159687251;-76.5832;44.3648;Graptemys geographica
159700149;-85.4033;42.4046;Graptemys geographica
159714315;-79.6373;45.0547;Graptemys geographica
159725703;-76.256;44.571;Graptemys geographica
159729517;-76.0823;45.3724;Graptemys geographica
159738885;-80.3431;43.0074;Graptemys geographica
159741075;-81.8739;40.2865;Graptemys geographica
159741332;-78.3781;44.2576;Graptemys geographica
159782231;-80.1151;42.1588;Graptemys geographica
159782743;-82.4135;42.3271;Graptemys geographica
159786282;-81.3377;43.0708;Graptemys geographica
159797878;-79.9032;43.2028;Graptemys geographica
159802121;-80.2585;43.1768;Graptemys geographica
159822551;-75.7993;45.3406;Graptemys geographica
159749678;-81.8866;42.3657;Graptemys geographica
159754612;-76.5564;39.9121;Graptemys geographica
159947613;-79.5525;45.1084;Graptemys geographica
159951383;-75.6427;45.3043;Graptemys geographica
159958962;-76.2112;44.4117;Graptemys geographica
159964611;-85.4001;42.4034;Graptemys geographica
159847155;-76.1407;44.4372;Graptemys geographica
159849783;-80.0944;42.1587;Graptemys geographica
159856899;-77.1786;44.1084;Graptemys geographica
159859234;-75.9748;44.5618;Graptemys geographica
159861670;-76.3557;44.9638;Graptemys geographica
160081433;-79.0509;44.505;Graptemys geographica
160083620;-81.4176;41.2129;Graptemys geographica
160090044;-81.3998;43.1754;Graptemys geographica
159970538;-76.1741;44.5452;Graptemys geographica
159998113;-82.4998;36.5422;Graptemys geographica
160010002;-79.9722;43.3376;Graptemys geographica
160016354;-85.4021;42.4042;Graptemys geographica
159835964;-76.1244;44.8671;Graptemys geographica
160110385;-85.402;42.4041;Graptemys geographica
160118424;-76.4329;44.6557;Graptemys geographica
160127374;-81.8459;36.9385;Graptemys geographica
160134184;-76.4343;44.5075;Graptemys geographica
160137223;-76.1498;45.362;Graptemys geographica
160025640;-77.234;44.0753;Graptemys geographica
160700374;-80.3367;43.0523;Graptemys geographica
160701531;-83.1629;41.6155;Graptemys geographica
160722112;-84.5263;42.7252;Graptemys geographica
156451519;-85.5368;42.9814;Graptemys geographica
156760517;-76.2625;44.6968;Graptemys geographica
156769100;-76.4833;45.3989;Graptemys geographica
156734809;-81.4176;41.2129;Graptemys geographica
156735461;-73.3628;44.7571;Graptemys geographica
156820141;-79.901;44.9881;Graptemys geographica
157685495;-76.7786;44.3851;Graptemys geographica
157657743;-82.2939;42.3876;Graptemys geographica
158025770;-85.4005;42.4035;Graptemys geographica
158212371;-85.6032;38.8776;Graptemys geographica
158145959;-79.6152;44.6522;Graptemys geographica
158351101;-83.0236;40.025;Graptemys geographica
158537280;-82.8891;40.2562;Graptemys geographica
158642772;-82.6762;36.6499;Graptemys geographica
159136089;-83.0196;40.0208;Graptemys geographica
159170027;-81.8217;36.9854;Graptemys geographica
159254498;-74.8558;40.2779;Graptemys geographica
159386171;-83.1202;42.3632;Graptemys geographica
159568583;-77.3247;44.0713;Graptemys geographica
159624891;-76.5989;44.3865;Graptemys geographica
159727254;-76.2172;44.5143;Graptemys geographica
159820010;-75.6464;45.4199;Graptemys geographica
160716158;-81.8043;36.9414;Graptemys geographica
156365106;-78.3736;44.2888;Graptemys geographica
156469374;-85.4619;41.7292;Graptemys geographica
156478287;-75.5355;45.4571;Graptemys geographica
156375725;-73.4616;43.4878;Graptemys geographica
156400908;-80.1063;42.1559;Graptemys geographica
156421362;-83.7031;42.2768;Graptemys geographica
156761454;-80.0764;41.6907;Graptemys geographica
156762136;-79.9743;43.3294;Graptemys geographica
156796555;-85.571;42.3031;Graptemys geographica
156358951;-76.3277;44.5265;Graptemys geographica
156734235;-79.8101;44.9405;Graptemys geographica
156745304;-76.1632;44.5605;Graptemys geographica
156745606;-77.9826;44.3022;Graptemys geographica
156876224;-75.976;45.2762;Graptemys geographica
156911200;-84.7812;43.6085;Graptemys geographica
156880113;-84.5936;42.6033;Graptemys geographica
157524720;-76.3074;44.4249;Graptemys geographica
157450886;-80.2309;42.5614;Graptemys geographica
157467107;-76.1484;44.2438;Graptemys geographica
157474338;-83.9872;42.4305;Graptemys geographica
157487314;-76.4163;44.3509;Graptemys geographica
157494103;-74.8398;40.2448;Graptemys geographica
157511531;-83.7249;42.2897;Graptemys geographica
157638503;-85.4003;42.4034;Graptemys geographica
157529382;-85.4311;42.4267;Graptemys geographica
157411972;-76.2868;44.7895;Graptemys geographica
157419663;-84.1936;39.8706;Graptemys geographica
157428091;-76.3675;44.4298;Graptemys geographica
157617769;-85.5621;43.1202;Graptemys geographica
157625903;-79.9802;43.343;Graptemys geographica
157690982;-76.331;44.5712;Graptemys geographica
157691038;-81.4176;41.2129;Graptemys geographica
157694254;-85.8089;42.9321;Graptemys geographica
157705185;-76.263;44.7045;Graptemys geographica
157541629;-84.5186;42.72;Graptemys geographica
157559044;-76.2533;44.5479;Graptemys geographica
157566431;-85.4349;40.1854;Graptemys geographica
157583661;-84.385;42.3865;Graptemys geographica
157594587;-85.8768;42.9581;Graptemys geographica
157604198;-76.802;40.8446;Graptemys geographica
157607824;-83.4246;35.8461;Graptemys geographica
157715624;-82.4873;42.2372;Graptemys geographica
157774563;-82.2349;36.5724;Graptemys geographica
157787062;-77.8212;44.3992;Graptemys geographica
157662068;-84.016;43.3943;Graptemys geographica
157666655;-76.0242;44.469;Graptemys geographica
157838673;-79.8237;43.2228;Graptemys geographica
157854649;-79.8572;44.9689;Graptemys geographica
157991867;-85.0144;41.0706;Graptemys geographica
158015923;-75.6254;45.3764;Graptemys geographica
157862691;-76.2972;44.6623;Graptemys geographica
158172023;-73.3614;43.971;Graptemys geographica
158203921;-73.3841;44.621;Graptemys geographica
157981651;-76.2178;44.6498;Graptemys geographica
158229583;-76.1199;44.2734;Graptemys geographica
158133993;-81.8162;42.777;Graptemys geographica
158136180;-82.5315;42.5023;Graptemys geographica
158340620;-73.5643;43.7336;Graptemys geographica
158355025;-74.8552;40.2777;Graptemys geographica
158369560;-83.9168;42.3751;Graptemys geographica
158311836;-75.7419;44.4467;Graptemys geographica
158326623;-81.3338;42.8058;Graptemys geographica
158594385;-75.5917;45.4512;Graptemys geographica
158541388;-80.4536;42.5819;Graptemys geographica
158577038;-80.9388;41.753;Graptemys geographica
158554970;-75.4648;45.463;Graptemys geographica
159115629;-73.5812;43.4007;Graptemys geographica
159124480;-73.2296;44.2853;Graptemys geographica
159150770;-83.8521;42.5401;Graptemys geographica
159154134;-83.1584;39.8075;Graptemys geographica
159167901;-84.7874;39.2027;Graptemys geographica
159169425;-80.32;43.0795;Graptemys geographica
159264912;-82.5514;42.2136;Graptemys geographica
159281091;-73.2365;43.7897;Graptemys geographica
159315445;-81.8613;36.6077;Graptemys geographica
159321780;-76.3301;44.526;Graptemys geographica
159327702;-76.2294;44.8844;Graptemys geographica
159336690;-85.4034;42.4053;Graptemys geographica
159382908;-84.2864;40.7136;Graptemys geographica
159383011;-76.0464;44.6453;Graptemys geographica
159401855;-77.4855;43.0033;Graptemys geographica
159413880;-76.214;45.4333;Graptemys geographica
159419153;-76.3243;44.5848;Graptemys geographica
159428506;-76.0481;44.2882;Graptemys geographica
159431382;-73.2893;44.1502;Graptemys geographica
159438668;-75.4891;45.4234;Graptemys geographica
159285874;-76.1649;44.8952;Graptemys geographica
159466226;-81.4148;41.2139;Graptemys geographica
159466270;-76.4057;44.2285;Graptemys geographica
159531494;-76.0001;42.0968;Graptemys geographica
159538813;-85.4018;42.4041;Graptemys geographica
159548714;-76.3156;44.707;Graptemys geographica
159583544;-76.356;44.5781;Graptemys geographica
159623716;-81.4152;41.215;Graptemys geographica
159498851;-82.4513;42.5063;Graptemys geographica
159517441;-76.172;44.391;Graptemys geographica
159631773;-76.2495;44.5142;Graptemys geographica
159769068;-83.0666;40.2975;Graptemys geographica
159661080;-84.3994;39.1158;Graptemys geographica
159679573;-75.7778;45.2865;Graptemys geographica
159693282;-84.9488;43.2628;Graptemys geographica
159706018;-79.8205;45.1011;Graptemys geographica
159714072;-76.5156;44.7411;Graptemys geographica
159728597;-79.8755;45.06;Graptemys geographica
159739411;-76.4567;44.2598;Graptemys geographica
159741820;-82.8132;40.5488;Graptemys geographica
159454983;-83.1939;41.6277;Graptemys geographica
159785932;-85.9792;41.6967;Graptemys geographica
159804806;-85.4019;42.4042;Graptemys geographica
159804818;-78.3106;44.4771;Graptemys geographica
159816672;-81.2184;42.999;Graptemys geographica
159945498;-75.5268;44.7597;Graptemys geographica
159858505;-85.4018;42.4039;Graptemys geographica
160032664;-84.5293;42.7156;Graptemys geographica
160085715;-85.4681;35.9256;Graptemys geographica
159970376;-77.1516;44.2545;Graptemys geographica
159997979;-84.8807;35.4822;Graptemys geographica
160003940;-80.0972;42.1649;Graptemys geographica
159942958;-76.0341;44.3255;Graptemys geographica
160123421;-75.734;45.3116;Graptemys geographica
160134101;-76.1992;44.9013;Graptemys geographica
160138219;-82.519;41.9588;Graptemys geographica
160104370;-73.3496;44.4756;Graptemys geographica
160701943;-83.0328;40.0809;Graptemys geographica
160723531;-78.1707;44.5602;Graptemys geographica
156764416;-85.152;42.3757;Graptemys geographica
156792975;-84.4646;42.7287;Graptemys geographica
156727146;-81.5916;42.9877;Graptemys geographica
156737009;-76.4637;45.4323;Graptemys geographica
156818555;-75.5745;44.6471;Graptemys geographica
157479291;-76.0066;44.3501;Graptemys geographica
157723046;-77.396;40.5484;Graptemys geographica
157802292;-76.1441;45.4863;Graptemys geographica
158149498;-84.5138;42.7206;Graptemys geographica
158234375;-75.4468;40.1296;Graptemys geographica
159171739;-76.5319;44.4977;Graptemys geographica
159416173;-85.1449;42.3054;Graptemys geographica
159536563;-76.5694;44.3037;Graptemys geographica
159487534;-85.1523;42.2563;Graptemys geographica
159811143;-83.9128;42.387;Graptemys geographica
160025574;-85.4648;38.2297;Graptemys geographica
129437711;-74.0884;45.4426;Graptemys geographica
